,Area,Sample,Image,Channel,Type,Threshold,Percentage,True_Channel,Treatment,Time,,Notes
1,0.425,SC_2dpl_sample1_MAX_C1.tif,SC_2dpl_sample1_MAX_C1.tif,Hoechst,ROI Area,0,0,Hoechst,Sym_Control,2dpl,,
2,0.425,SC_2dpl_sample1_MAX_C1.tif,SC_2dpl_sample1_MAX_C4.tif,Second,Threshold Area,0.011,2.685,EdU,Sym_Control,2dpl,,
3,0.425,SC_2dpl_sample1_MAX_C1.tif,SC_2dpl_sample1_MAX_C1.tif,Hoechst,ROI Area,0,0,Hoechst,Sym_Control,2dpl,,
4,0.425,SC_2dpl_sample1_MAX_C1.tif,SC_2dpl_sample1_MAX_C3.tif,Second,Threshold Area,0.161,37.96,Caspase,Sym_Control,2dpl,,
5,0.335,SC_2dpl_sample2_MAX_C1.tif,SC_2dpl_sample2_MAX_C1.tif,Hoechst,ROI Area,0,0,Hoechst,Sym_Control,2dpl,,
6,0.335,SC_2dpl_sample2_MAX_C1.tif,SC_2dpl_sample2_MAX_C4.tif,Second,Threshold Area,0.015,4.383,EdU,Sym_Control,2dpl,,
7,0.335,SC_2dpl_sample2_MAX_C1.tif,SC_2dpl_sample2_MAX_C1.tif,Hoechst,ROI Area,0,0,Hoechst,Sym_Control,2dpl,,
8,0.335,SC_2dpl_sample2_MAX_C1.tif,SC_2dpl_sample2_MAX_C3.tif,Second,Threshold Area,7.11E-04,0.212,Caspase,Sym_Control,2dpl,,
9,0.301,SC_2dpl_sample3_MAX_C1.tif,SC_2dpl_sample3_MAX_C1.tif,Hoechst,ROI Area,0,0,Hoechst,Sym_Control,2dpl,,
10,0.301,SC_2dpl_sample3_MAX_C1.tif,SC_2dpl_sample3_MAX_C4.tif,Second,Threshold Area,0.02,6.789,EdU,Sym_Control,2dpl,,
11,0.301,SC_2dpl_sample3_MAX_C1.tif,SC_2dpl_sample3_MAX_C1.tif,Hoechst,ROI Area,0,0,Hoechst,Sym_Control,2dpl,,
12,0.301,SC_2dpl_sample3_MAX_C1.tif,SC_2dpl_sample3_MAX_C3.tif,Second,Threshold Area,0.011,3.512,Caspase,Sym_Control,2dpl,,
13,0.524,SC_2dpl_sample4_MAX_C1.tif,SC_2dpl_sample4_MAX_C1.tif,Hoechst,ROI Area,0,0,Hoechst,Sym_Control,2dpl,,
14,0.524,SC_2dpl_sample4_MAX_C1.tif,SC_2dpl_sample4_MAX_C4.tif,Second,Threshold Area,0.018,3.34,EdU,Sym_Control,2dpl,,
15,0.524,SC_2dpl_sample4_MAX_C1.tif,SC_2dpl_sample4_MAX_C1.tif,Hoechst,ROI Area,0,0,Hoechst,Sym_Control,2dpl,,
16,0.524,SC_2dpl_sample4_MAX_C1.tif,SC_2dpl_sample4_MAX_C3.tif,Second,Threshold Area,0.07,13.262,Caspase,Sym_Control,2dpl,,
17,0.223,SC_2dpl_sample5_MAX_C3.tif,SC_2dpl_sample5_MAX_C3.tif,Hoechst,ROI Area,0,0,Caspase,Sym_Control,2dpl,,
18,0.223,SC_2dpl_sample5_MAX_C3.tif,SC_2dpl_sample5_MAX_C4.tif,Second,Threshold Area,0.005,2.204,EdU,Sym_Control,2dpl,,
19,0.223,SC_2dpl_sample5_MAX_C1.tif,SC_2dpl_sample5_MAX_C1.tif,Hoechst,ROI Area,0,0,Hoechst,Sym_Control,2dpl,,
20,0.223,SC_2dpl_sample5_MAX_C1.tif,SC_2dpl_sample5_MAX_C3.tif,Second,Threshold Area,0.057,25.481,Caspase,Sym_Control,2dpl,,
21,0.239,SC_5dpl_sample1_MAX_C1-1.tif,SC_5dpl_sample1_MAX_C1-1.tif,Hoechst,ROI Area,0,0,Hoechst,Sym_Control,5dpl,,
22,0.239,SC_5dpl_sample1_MAX_C1-1.tif,SC_5dpl_sample1_MAX_C4.tif,Second,Threshold Area,0.012,4.925,EdU,Sym_Control,5dpl,,
23,0.239,SC_5dpl_sample1_MAX_C1-1.tif,SC_5dpl_sample1_MAX_C1-1.tif,Hoechst,ROI Area,0,0,Hoechst,Sym_Control,5dpl,,
24,0.239,SC_5dpl_sample1_MAX_C1-1.tif,SC_5dpl_sample1_MAX_C3-1.tif,Second,Threshold Area,4.81E-04,0.201,Caspase,Sym_Control,5dpl,,
1,0.312,SC_5dpl_sample2_MAX_C1.tif,SC_5dpl_sample2_MAX_C1.tif,Hoechst,ROI Area,0,0,Hoechst,Sym_Control,5dpl,,
2,0.312,SC_5dpl_sample2_MAX_C1.tif,SC_5dpl_sample2_MAX_C4.tif,Second,Threshold Area,0.013,4.245,EdU,Sym_Control,5dpl,,
3,0.312,SC_5dpl_sample2_MAX_C1.tif,SC_5dpl_sample2_MAX_C1.tif,Hoechst,ROI Area,0,0,Hoechst,Sym_Control,5dpl,,
4,0.312,SC_5dpl_sample2_MAX_C1.tif,SC_5dpl_sample2_MAX_C3.tif,Second,Threshold Area,0.006,1.96,Caspase,Sym_Control,5dpl,,
5,0.277,SC_5dpl_sample3_MAX_C1.tif,SC_5dpl_sample3_MAX_C1.tif,Hoechst,ROI Area,0,0,Hoechst,Sym_Control,5dpl,,
6,0.277,SC_5dpl_sample3_MAX_C1.tif,SC_5dpl_sample3_MAX_C4.tif,Second,Threshold Area,0.028,10.233,EdU,Sym_Control,5dpl,,
7,0.277,SC_5dpl_sample3_MAX_C1.tif,SC_5dpl_sample3_MAX_C1.tif,Hoechst,ROI Area,0,0,Hoechst,Sym_Control,5dpl,,
8,0.277,SC_5dpl_sample3_MAX_C1.tif,SC_5dpl_sample3_MAX_C3.tif,Second,Threshold Area,0.005,1.866,Caspase,Sym_Control,5dpl,,
9,0.389,SC_5dpl_sample4_bad_MAX_C1.tif,SC_5dpl_sample4_bad_MAX_C1.tif,Hoechst,ROI Area,0,0,Hoechst,Sym_Control,5dpl,,
10,0.389,SC_5dpl_sample4_bad_MAX_C1.tif,SC_5dpl_sample4_bad_MAX_C3.tif,Second,Threshold Area,0.011,2.811,Caspase,Sym_Control,5dpl,,
11,0.389,SC_5dpl_sample4_bad_MAX_C1.tif,SC_5dpl_sample4_bad_MAX_C1.tif,Hoechst,ROI Area,0,0,Hoechst,Sym_Control,5dpl,,
12,0.389,SC_5dpl_sample4_bad_MAX_C1.tif,SC_5dpl_sample4_bad_MAX_C4.tif,Second,Threshold Area,2.29E-04,0.059,EdU,Sym_Control,5dpl,,
13,0.343,SC_5dpl_sample5_MAX_C1.tif,SC_5dpl_sample5_MAX_C1.tif,Hoechst,ROI Area,0,0,Hoechst,Sym_Control,5dpl,,
14,0.343,SC_5dpl_sample5_MAX_C1.tif,SC_5dpl_sample5_MAX_C4.tif,Second,Threshold Area,0.006,1.626,EdU,Sym_Control,5dpl,,
15,0.343,SC_5dpl_sample5_MAX_C1.tif,SC_5dpl_sample5_MAX_C1.tif,Hoechst,ROI Area,0,0,Hoechst,Sym_Control,5dpl,,
16,0.343,SC_5dpl_sample5_MAX_C1.tif,SC_5dpl_sample5_MAX_C3.tif,Second,Threshold Area,0.022,6.471,Caspase,Sym_Control,5dpl,,
17,0.325,SC_5dpl_sample5_tent_MAX_C1.tif,SC_5dpl_sample5_tent_MAX_C1.tif,Hoechst,ROI Area,0,0,Hoechst,Sym_Control,5dpl,,
18,0.325,SC_5dpl_sample5_tent_MAX_C1.tif,SC_5dpl_sample5_tent_MAX_C4.tif,Second,Threshold Area,0.021,6.471,EdU,Sym_Control,5dpl,,
19,0.325,SC_5dpl_sample5_tent_MAX_C1.tif,SC_5dpl_sample5_tent_MAX_C1.tif,Hoechst,ROI Area,0,0,Hoechst,Sym_Control,5dpl,,
20,0.325,SC_5dpl_sample5_tent_MAX_C1.tif,SC_5dpl_sample5_tent_MAX_C3.tif,Second,Threshold Area,0.031,9.499,Caspase,Sym_Control,5dpl,,
21,0.358,SC_5dpl_sample6_MAX_C1.tif,SC_5dpl_sample6_MAX_C1.tif,Hoechst,ROI Area,0,0,Hoechst,Sym_Control,5dpl,,
22,0.358,SC_5dpl_sample6_MAX_C1.tif,SC_5dpl_sample6_MAX_C4.tif,Second,Threshold Area,0.026,7.352,EdU,Sym_Control,5dpl,,
23,0.358,SC_5dpl_sample6_MAX_C1.tif,SC_5dpl_sample6_MAX_C1.tif,Hoechst,ROI Area,0,0,Hoechst,Sym_Control,5dpl,,
24,0.358,SC_5dpl_sample6_MAX_C1.tif,SC_5dpl_sample6_MAX_C3.tif,Second,Threshold Area,0.005,1.527,Caspase,Sym_Control,5dpl,,
25,0.181,SC_5dpl_sample6_tent_MAX_C1.tif,SC_5dpl_sample6_tent_MAX_C1.tif,Hoechst,ROI Area,0,0,Hoechst,Sym_Control,5dpl,,
26,0.181,SC_5dpl_sample6_tent_MAX_C1.tif,SC_5dpl_sample6_tent_MAX_C4.tif,Second,Threshold Area,0.038,21.063,EdU,Sym_Control,5dpl,,
27,0.181,SC_5dpl_sample6_tent_MAX_C1.tif,SC_5dpl_sample6_tent_MAX_C1.tif,Hoechst,ROI Area,0,0,Hoechst,Sym_Control,5dpl,,
28,0.181,SC_5dpl_sample6_tent_MAX_C1.tif,SC_5dpl_sample6_tent_MAX_C3.tif,Second,Threshold Area,0.003,1.804,Caspase,Sym_Control,5dpl,,
29,0.352,SC_5dpl_sample7_MAX_C1.tif,SC_5dpl_sample7_MAX_C1.tif,Hoechst,ROI Area,0,0,Hoechst,Sym_Control,5dpl,,
30,0.352,SC_5dpl_sample7_MAX_C1.tif,SC_5dpl_sample7_MAX_C3.tif,Second,Threshold Area,0.017,4.896,Caspase,Sym_Control,5dpl,,
31,0.352,SC_5dpl_sample7_MAX_C1.tif,SC_5dpl_sample7_MAX_C1.tif,Hoechst,ROI Area,0,0,Hoechst,Sym_Control,5dpl,,
32,0.352,SC_5dpl_sample7_MAX_C1.tif,SC_5dpl_sample7_MAX_C4.tif,Second,Threshold Area,0.024,6.827,EdU,Sym_Control,5dpl,,
33,0.493,SC_5dpl_sample8_MAX_C1.tif,SC_5dpl_sample8_MAX_C1.tif,Hoechst,ROI Area,0,0,Hoechst,Sym_Control,5dpl,,Bad_Shape
34,0.493,SC_5dpl_sample8_MAX_C1.tif,SC_5dpl_sample8_MAX_C4.tif,Second,Threshold Area,0.035,7.021,EdU,Sym_Control,5dpl,,Bad_Shape
35,0.493,SC_5dpl_sample8_MAX_C1.tif,SC_5dpl_sample8_MAX_C1.tif,Hoechst,ROI Area,0,0,Hoechst,Sym_Control,5dpl,,Bad_Shape
36,0.493,SC_5dpl_sample8_MAX_C1.tif,SC_5dpl_sample8_MAX_C3.tif,Second,Threshold Area,0.013,2.561,Caspase,Sym_Control,5dpl,,Bad_Shape
1,0.295,SC_8dpl_sample1_MAX_C1.tif,SC_8dpl_sample1_MAX_C1.tif,Hoechst,ROI Area,0,0,Hoechst,Sym_Control,8dpl,,
2,0.295,SC_8dpl_sample1_MAX_C1.tif,SC_8dpl_sample1_MAX_C4.tif,Second,Threshold Area,0.002,0.575,EdU,Sym_Control,8dpl,,
3,0.295,SC_8dpl_sample1_MAX_C1.tif,SC_8dpl_sample1_MAX_C1.tif,Hoechst,ROI Area,0,0,Hoechst,Sym_Control,8dpl,,
4,0.295,SC_8dpl_sample1_MAX_C1.tif,SC_8dpl_sample1_MAX_C3.tif,Second,Threshold Area,0.003,0.953,Caspase,Sym_Control,8dpl,,
5,0.375,SC_8dpl_sample2_MAX_C1.tif,SC_8dpl_sample2_MAX_C1.tif,Hoechst,ROI Area,0,0,Hoechst,Sym_Control,8dpl,,
6,0.375,SC_8dpl_sample2_MAX_C1.tif,SC_8dpl_sample2_MAX_C4.tif,Second,Threshold Area,0.021,5.592,EdU,Sym_Control,8dpl,,
7,0.375,SC_8dpl_sample2_MAX_C1.tif,SC_8dpl_sample2_MAX_C1.tif,Hoechst,ROI Area,0,0,Hoechst,Sym_Control,8dpl,,
8,0.375,SC_8dpl_sample2_MAX_C1.tif,SC_8dpl_sample2_MAX_C3.tif,Second,Threshold Area,0.008,2.21,Caspase,Sym_Control,8dpl,,
9,0.399,SC_8dpl_sample3_MAX_C1.tif,SC_8dpl_sample3_MAX_C1.tif,Hoechst,ROI Area,0,0,Hoechst,Sym_Control,8dpl,,
10,0.399,SC_8dpl_sample3_MAX_C1.tif,SC_8dpl_sample3_MAX_C4.tif,Second,Threshold Area,0.006,1.421,EdU,Sym_Control,8dpl,,
11,0.399,SC_8dpl_sample3_MAX_C1.tif,SC_8dpl_sample3_MAX_C1.tif,Hoechst,ROI Area,0,0,Hoechst,Sym_Control,8dpl,,
12,0.399,SC_8dpl_sample3_MAX_C1.tif,SC_8dpl_sample3_MAX_C3.tif,Second,Threshold Area,0.003,0.662,Caspase,Sym_Control,8dpl,,
13,0.337,SC_8dpl_sample4_MAX_C1.tif,SC_8dpl_sample4_MAX_C1.tif,Hoechst,ROI Area,0,0,Hoechst,Sym_Control,8dpl,,
14,0.337,SC_8dpl_sample4_MAX_C1.tif,SC_8dpl_sample4_MAX_C4.tif,Second,Threshold Area,0.001,0.363,EdU,Sym_Control,8dpl,,
15,0.337,SC_8dpl_sample4_MAX_C1.tif,SC_8dpl_sample4_MAX_C1.tif,Hoechst,ROI Area,0,0,Hoechst,Sym_Control,8dpl,,
16,0.337,SC_8dpl_sample4_MAX_C1.tif,SC_8dpl_sample4_MAX_C3.tif,Second,Threshold Area,0.007,2.142,Caspase,Sym_Control,8dpl,,
17,0.213,SC_8dpl_sample5_MAX_C1.tif,SC_8dpl_sample5_MAX_C1.tif,Hoechst,ROI Area,0,0,Hoechst,Sym_Control,8dpl,,
18,0.213,SC_8dpl_sample5_MAX_C1.tif,SC_8dpl_sample5_MAX_C4.tif,Second,Threshold Area,0.01,4.552,EdU,Sym_Control,8dpl,,
19,0.213,SC_8dpl_sample5_MAX_C1.tif,SC_8dpl_sample5_MAX_C1.tif,Hoechst,ROI Area,0,0,Hoechst,Sym_Control,8dpl,,
20,0.213,SC_8dpl_sample5_MAX_C1.tif,SC_8dpl_sample5_MAX_C3.tif,Second,Threshold Area,0.002,0.819,Caspase,Sym_Control,8dpl,,
21,0.453,SC_8dpl_sample6_MAX_C1.tif,SC_8dpl_sample6_MAX_C1.tif,Hoechst,ROI Area,0,0,Hoechst,Sym_Control,8dpl,,
22,0.453,SC_8dpl_sample6_MAX_C1.tif,SC_8dpl_sample6_MAX_C4.tif,Second,Threshold Area,2.09E-04,0.046,EdU,Sym_Control,8dpl,,
23,0.453,SC_8dpl_sample6_MAX_C1.tif,SC_8dpl_sample6_MAX_C1.tif,Hoechst,ROI Area,0,0,Hoechst,Sym_Control,8dpl,,
24,0.453,SC_8dpl_sample6_MAX_C1.tif,SC_8dpl_sample6_MAX_C3.tif,Second,Threshold Area,0.005,1.178,Caspase,Sym_Control,8dpl,,
1,0.455,SH_2dpl_sample1_MAX_C1.tif,SH_2dpl_sample1_MAX_C1.tif,Hoechst,ROI Area,0,0,Hoechst,Sym_HS,2dpl,,
2,0.455,SH_2dpl_sample1_MAX_C1.tif,SH_2dpl_sample1_MAX_C4.tif,Second,Threshold Area,3.10E-02,6.737,EdU,Sym_HS,2dpl,,
3,0.455,SH_2dpl_sample1_MAX_C1.tif,SH_2dpl_sample1_MAX_C1.tif,Hoechst,ROI Area,0,0,Hoechst,Sym_HS,2dpl,,
4,0.455,SH_2dpl_sample1_MAX_C1.tif,SH_2dpl_sample1_MAX_C3.tif,Second,Threshold Area,2.00E-02,4.431,Caspase,Sym_HS,2dpl,,
1,0.411,SH_2dpl_sample2_MAX_C1.tif,SH_2dpl_sample2_MAX_C1.tif,Hoechst,ROI Area,0,0,Hoechst,Sym_HS,2dpl,,
2,0.411,SH_2dpl_sample2_MAX_C1.tif,SH_2dpl_sample2_MAX_C4.tif,Second,Threshold Area,1.80E-02,4.302,EdU,Sym_HS,2dpl,,
3,0.411,SH_2dpl_sample2_MAX_C1.tif,SH_2dpl_sample2_MAX_C1.tif,Hoechst,ROI Area,0,0,Hoechst,Sym_HS,2dpl,,
4,0.411,SH_2dpl_sample2_MAX_C1.tif,SH_2dpl_sample2_MAX_C3.tif,Second,Threshold Area,0.004,0.891,Caspase,Sym_HS,2dpl,,
5,0.561,SH_2dpl_sample3_MAX_C1.tif,SH_2dpl_sample3_MAX_C1.tif,Hoechst,ROI Area,0,0,Hoechst,Sym_HS,2dpl,,
6,0.561,SH_2dpl_sample3_MAX_C1.tif,SH_2dpl_sample3_MAX_C4.tif,Second,Threshold Area,0.05,8.905,EdU,Sym_HS,2dpl,,
7,0.561,SH_2dpl_sample3_MAX_C1.tif,SH_2dpl_sample3_MAX_C1.tif,Hoechst,ROI Area,0,0,Hoechst,Sym_HS,2dpl,,
8,0.561,SH_2dpl_sample3_MAX_C1.tif,SH_2dpl_sample3_MAX_C3.tif,Second,Threshold Area,0.016,2.763,Caspase,Sym_HS,2dpl,,
9,0.338,SH_2dpl_sample4_MAX_C1.tif,SH_2dpl_sample4_MAX_C1.tif,Hoechst,ROI Area,0,0,Hoechst,Sym_HS,2dpl,,
10,0.338,SH_2dpl_sample4_MAX_C1.tif,SH_2dpl_sample4_MAX_C4.tif,Second,Threshold Area,0.017,5.125,EdU,Sym_HS,2dpl,,
11,0.338,SH_2dpl_sample4_MAX_C1.tif,SH_2dpl_sample4_MAX_C1.tif,Hoechst,ROI Area,0,0,Hoechst,Sym_HS,2dpl,,
12,0.338,SH_2dpl_sample4_MAX_C1.tif,SH_2dpl_sample4_MAX_C3.tif,Second,Threshold Area,0.007,2.109,Caspase,Sym_HS,2dpl,,
13,0.531,SH_2dpl_sample5_MAX_C1.tif,SH_2dpl_sample5_MAX_C1.tif,Hoechst,ROI Area,0,0,Hoechst,Sym_HS,2dpl,,
14,0.531,SH_2dpl_sample5_MAX_C1.tif,SH_2dpl_sample5_MAX_C4.tif,Second,Threshold Area,0.009,1.701,EdU,Sym_HS,2dpl,,
15,0.531,SH_2dpl_sample5_MAX_C1.tif,SH_2dpl_sample5_MAX_C1.tif,Hoechst,ROI Area,0,0,Hoechst,Sym_HS,2dpl,,
16,0.531,SH_2dpl_sample5_MAX_C1.tif,SH_2dpl_sample5_MAX_C3.tif,Second,Threshold Area,0.037,6.936,Caspase,Sym_HS,2dpl,,
17,0.338,SH_2dpl_sample6_MAX_C1.tif,SH_2dpl_sample6_MAX_C1.tif,Hoechst,ROI Area,0,0,Hoechst,Sym_HS,2dpl,,
18,0.338,SH_2dpl_sample6_MAX_C1.tif,SH_2dpl_sample6_MAX_C4.tif,Second,Threshold Area,0.006,1.689,EdU,Sym_HS,2dpl,,
19,0.338,SH_2dpl_sample6_MAX_C1.tif,SH_2dpl_sample6_MAX_C1.tif,Hoechst,ROI Area,0,0,Hoechst,Sym_HS,2dpl,,
20,0.338,SH_2dpl_sample6_MAX_C1.tif,SH_2dpl_sample6_MAX_C3.tif,Second,Threshold Area,0.006,1.831,Caspase,Sym_HS,2dpl,,
21,0.425,SH_5dpl_sample1_MAX_C1.tif,SH_5dpl_sample1_MAX_C1.tif,Hoechst,ROI Area,0,0,Hoechst,Sym_HS,5dpl,,
22,0.425,SH_5dpl_sample1_MAX_C1.tif,SH_5dpl_sample1_MAX_C4.tif,Second,Threshold Area,0.018,4.345,EdU,Sym_HS,5dpl,,
23,0.425,SH_5dpl_sample1_MAX_C1.tif,SH_5dpl_sample1_MAX_C1.tif,Hoechst,ROI Area,0,0,Hoechst,Sym_HS,5dpl,,
24,0.425,SH_5dpl_sample1_MAX_C1.tif,SH_5dpl_sample1_MAX_C3.tif,Second,Threshold Area,3.57E-04,0.084,Caspase,Sym_HS,5dpl,,
25,0.04,SH_5dpl_sample1_tent_MAX_C1.tif,SH_5dpl_sample1_tent_MAX_C1.tif,Hoechst,ROI Area,0,0,Hoechst,Sym_HS,5dpl,,Tentacle_high
26,0.04,SH_5dpl_sample1_tent_MAX_C1.tif,SH_5dpl_sample1_tent_MAX_C4.tif,Second,Threshold Area,0.006,15.326,EdU,Sym_HS,5dpl,,Tentacle_high
27,0.04,SH_5dpl_sample1_tent_MAX_C1.tif,SH_5dpl_sample1_tent_MAX_C1.tif,Hoechst,ROI Area,0,0,Hoechst,Sym_HS,5dpl,,Tentacle_high
28,0.04,SH_5dpl_sample1_tent_MAX_C1.tif,SH_5dpl_sample1_tent_MAX_C3.tif,Second,Threshold Area,0.001,2.958,Caspase,Sym_HS,5dpl,,Tentacle_high
1,0.258,SH_5dpl_sample2_MAX_C1.tif,SH_5dpl_sample2_MAX_C1.tif,Hoechst,ROI Area,0,0,Hoechst,Sym_HS,5dpl,,
2,0.258,SH_5dpl_sample2_MAX_C1.tif,SH_5dpl_sample2_MAX_C4.tif,Second,Threshold Area,0.003,0.981,EdU,Sym_HS,5dpl,,
3,0.258,SH_5dpl_sample2_MAX_C1.tif,SH_5dpl_sample2_MAX_C1.tif,Hoechst,ROI Area,0,0,Hoechst,Sym_HS,5dpl,,
4,0.258,SH_5dpl_sample2_MAX_C1.tif,SH_5dpl_sample2_MAX_C3.tif,Second,Threshold Area,0.011,4.387,Caspase,Sym_HS,5dpl,,
5,0.426,SH_5dpl_sample3_MAX_C1.tif,SH_5dpl_sample3_MAX_C1.tif,Hoechst,ROI Area,0,0,Hoechst,Sym_HS,5dpl,,
6,0.426,SH_5dpl_sample3_MAX_C1.tif,SH_5dpl_sample3_MAX_C4.tif,Second,Threshold Area,0.06,14.18,EdU,Sym_HS,5dpl,,
7,0.426,SH_5dpl_sample3_MAX_C1.tif,SH_5dpl_sample3_MAX_C1.tif,Hoechst,ROI Area,0,0,Hoechst,Sym_HS,5dpl,,
8,0.426,SH_5dpl_sample3_MAX_C1.tif,SH_5dpl_sample3_MAX_C3.tif,Second,Threshold Area,0.007,1.76,Caspase,Sym_HS,5dpl,,
9,0.409,SH_5dpl_sample4_MAX_C1.tif,SH_5dpl_sample4_MAX_C1.tif,Hoechst,ROI Area,0,0,Hoechst,Sym_HS,5dpl,,
10,0.409,SH_5dpl_sample4_MAX_C1.tif,SH_5dpl_sample4_MAX_C4.tif,Second,Threshold Area,0.034,8.203,EdU,Sym_HS,5dpl,,
11,0.409,SH_5dpl_sample4_MAX_C1.tif,SH_5dpl_sample4_MAX_C1.tif,Hoechst,ROI Area,0,0,Hoechst,Sym_HS,5dpl,,
12,0.409,SH_5dpl_sample4_MAX_C1.tif,SH_5dpl_sample4_MAX_C3.tif,Second,Threshold Area,0.042,10.303,Caspase,Sym_HS,5dpl,,
13,0.401,SH_5dpl_sample5_MAX_C1.tif,SH_5dpl_sample5_MAX_C1.tif,Hoechst,ROI Area,0,0,Hoechst,Sym_HS,5dpl,,
14,0.401,SH_5dpl_sample5_MAX_C1.tif,SH_5dpl_sample5_MAX_C4.tif,Second,Threshold Area,0.026,6.555,EdU,Sym_HS,5dpl,,
15,0.401,SH_5dpl_sample5_MAX_C1.tif,SH_5dpl_sample5_MAX_C1.tif,Hoechst,ROI Area,0,0,Hoechst,Sym_HS,5dpl,,
16,0.401,SH_5dpl_sample5_MAX_C1.tif,SH_5dpl_sample5_MAX_C3.tif,Second,Threshold Area,0.008,2.039,Caspase,Sym_HS,5dpl,,
17,0.467,SH_5dpl_sample6_MAX_C1.tif,SH_5dpl_sample6_MAX_C1.tif,Hoechst,ROI Area,0,0,Hoechst,Sym_HS,5dpl,,
18,0.467,SH_5dpl_sample6_MAX_C1.tif,SH_5dpl_sample6_MAX_C4.tif,Second,Threshold Area,0.018,3.932,EdU,Sym_HS,5dpl,,
19,0.467,SH_5dpl_sample6_MAX_C1.tif,SH_5dpl_sample6_MAX_C1.tif,Hoechst,ROI Area,0,0,Hoechst,Sym_HS,5dpl,,
20,0.467,SH_5dpl_sample6_MAX_C1.tif,SH_5dpl_sample6_MAX_C3.tif,Second,Threshold Area,0.041,8.675,Caspase,Sym_HS,5dpl,,
21,0.279,SH_8dpl_sample1_MAX_C1.tif,SH_8dpl_sample1_MAX_C1.tif,Hoechst,ROI Area,0,0,Hoechst,Sym_HS,8dpl,,
22,0.279,SH_8dpl_sample1_MAX_C1.tif,SH_8dpl_sample1_MAX_C4.tif,Second,Threshold Area,0.036,12.974,EdU,Sym_HS,8dpl,,
23,0.279,SH_8dpl_sample1_MAX_C1.tif,SH_8dpl_sample1_MAX_C1.tif,Hoechst,ROI Area,0,0,Hoechst,Sym_HS,8dpl,,
24,0.279,SH_8dpl_sample1_MAX_C1.tif,SH_8dpl_sample1_MAX_C3.tif,Second,Threshold Area,0.002,0.639,Caspase,Sym_HS,8dpl,,
25,0.313,SH_8dpl_sample2_MAX_C1.tif,SH_8dpl_sample2_MAX_C1.tif,Hoechst,ROI Area,0,0,Hoechst,Sym_HS,8dpl,,
26,0.313,SH_8dpl_sample2_MAX_C1.tif,SH_8dpl_sample2_MAX_C4.tif,Second,Threshold Area,0.006,1.815,EdU,Sym_HS,8dpl,,
27,0.313,SH_8dpl_sample2_MAX_C1.tif,SH_8dpl_sample2_MAX_C1.tif,Hoechst,ROI Area,0,0,Hoechst,Sym_HS,8dpl,,
28,0.313,SH_8dpl_sample2_MAX_C1.tif,SH_8dpl_sample2_MAX_C3.tif,Second,Threshold Area,5.93E-04,0.189,Caspase,Sym_HS,8dpl,,
29,0.193,SH_8dpl_sample2_MAX_C1.tif,SH_8dpl_sample2_MAX_C1.tif,Hoechst,ROI Area,0,0,Hoechst,Sym_HS,8dpl,,
30,0.193,SH_8dpl_sample2_MAX_C1.tif,SH_8dpl_sample2_MAX_C4.tif,Second,Threshold Area,0.005,2.846,EdU,Sym_HS,8dpl,,
31,0.193,SH_8dpl_sample2_MAX_C1.tif,SH_8dpl_sample2_MAX_C1.tif,Hoechst,ROI Area,0,0,Hoechst,Sym_HS,8dpl,,
32,0.193,SH_8dpl_sample2_MAX_C1.tif,SH_8dpl_sample2_MAX_C3.tif,Second,Threshold Area,5.19E-04,0.269,Caspase,Sym_HS,8dpl,,
33,0.083,SH_8dpl_sample2_side_MAX_C1.tif,SH_8dpl_sample2_side_MAX_C1.tif,Hoechst,ROI Area,0,0,Hoechst,Sym_HS,8dpl,,BAD
34,0.083,SH_8dpl_sample2_side_MAX_C1.tif,SH_8dpl_sample2_side_MAX_C3.tif,Second,Threshold Area,3.23E-05,0.039,Caspase,Sym_HS,8dpl,,BAD
35,0.083,SH_8dpl_sample2_side_MAX_C1.tif,SH_8dpl_sample2_side_MAX_C1.tif,Hoechst,ROI Area,0,0,Hoechst,Sym_HS,8dpl,,BAD
36,0.083,SH_8dpl_sample2_side_MAX_C1.tif,SH_8dpl_sample2_side_MAX_C4.tif,Second,Threshold Area,7.59E-05,0.092,EdU,Sym_HS,8dpl,,BAD
1,0.333,SH_8dpl_sample3_MAX_C1.tif,SH_8dpl_sample3_MAX_C1.tif,Hoechst,ROI Area,0,0,Hoechst,Sym_HS,8dpl,,"Big sample, low signal"
2,0.333,SH_8dpl_sample3_MAX_C1.tif,SH_8dpl_sample3_MAX_C4.tif,Second,Threshold Area,3.38E-04,0.102,EdU,Sym_HS,8dpl,,"Big sample, low signal"
3,0.333,SH_8dpl_sample3_MAX_C1.tif,SH_8dpl_sample3_MAX_C1.tif,Hoechst,ROI Area,0,0,Hoechst,Sym_HS,8dpl,,"Big sample, low signal"
4,0.333,SH_8dpl_sample3_MAX_C1.tif,SH_8dpl_sample3_MAX_C3.tif,Second,Threshold Area,1.36E-04,0.041,Caspase,Sym_HS,8dpl,,"Big sample, low signal"
5,0.517,SH_8dpl_sample4_MAX_C1.tif,SH_8dpl_sample4_MAX_C1.tif,Hoechst,ROI Area,0,0,Hoechst,Sym_HS,8dpl,,
6,0.517,SH_8dpl_sample4_MAX_C1.tif,SH_8dpl_sample4_MAX_C4.tif,Second,Threshold Area,0.021,4.029,EdU,Sym_HS,8dpl,,
7,0.517,SH_8dpl_sample4_MAX_C1.tif,SH_8dpl_sample4_MAX_C1.tif,Hoechst,ROI Area,0,0,Hoechst,Sym_HS,8dpl,,
8,0.517,SH_8dpl_sample4_MAX_C1.tif,SH_8dpl_sample4_MAX_C3.tif,Second,Threshold Area,0.016,3.154,Caspase,Sym_HS,8dpl,,
9,0.32,SH_8dpl_sample5_MAX_C1.tif,SH_8dpl_sample5_MAX_C1.tif,Hoechst,ROI Area,0,0,Hoechst,Sym_HS,8dpl,,
10,0.32,SH_8dpl_sample5_MAX_C1.tif,SH_8dpl_sample5_MAX_C4.tif,Second,Threshold Area,0.051,15.826,EdU,Sym_HS,8dpl,,
11,0.32,SH_8dpl_sample5_MAX_C1.tif,SH_8dpl_sample5_MAX_C1.tif,Hoechst,ROI Area,0,0,Hoechst,Sym_HS,8dpl,,
12,0.32,SH_8dpl_sample5_MAX_C1.tif,SH_8dpl_sample5_MAX_C3.tif,Second,Threshold Area,0.004,1.338,Caspase,Sym_HS,8dpl,,
13,0.336,SH_8dpl_sample6_MAX_C1.tif,SH_8dpl_sample6_MAX_C1.tif,Hoechst,ROI Area,0,0,Hoechst,Sym_HS,8dpl,,
14,0.336,SH_8dpl_sample6_MAX_C1.tif,SH_8dpl_sample6_MAX_C4.tif,Second,Threshold Area,0.004,1.272,EdU,Sym_HS,8dpl,,
15,0.336,SH_8dpl_sample6_MAX_C1.tif,SH_8dpl_sample6_MAX_C1.tif,Hoechst,ROI Area,0,0,Hoechst,Sym_HS,8dpl,,
16,0.336,SH_8dpl_sample6_MAX_C1.tif,SH_8dpl_sample6_MAX_C3.tif,Second,Threshold Area,0.008,2.274,Caspase,Sym_HS,8dpl,,